assign,select,thr,miss,f05
soft,expected_f,,0.0,0.9512278091438816
hard,expected_f,,0.05,0.9512219818115645
hard,expected_f,,0.0,0.9512147152932876
none,expected_f,,0.05,0.9512137400533228
none,expected_f,,0.0,0.9512116849902573
soft,expected_f,,0.05,0.951211610238693
none,expected_f,,0.1,0.9511987361212466
hard,expected_f,,0.1,0.9511974540699646
soft,expected_f,,0.1,0.9511815269415375
soft,expected_f,,0.2,0.951057075601013
none,expected_f,,0.2,0.9510050928615305
hard,expected_f,,0.2,0.9510038108102482
hard,expected_f,,0.4,0.950999384199766
soft,expected_f,,0.4,0.9509841462386192
none,expected_f,,0.4,0.9509710035526354
soft,threshold,0.65,,0.9507871188175995
hard,threshold,0.64,,0.9507844136280521
hard,threshold,0.65,,0.9507844136280521
hard,threshold,0.62,,0.9507818309291635
hard,threshold,0.63,,0.9507818309291635
soft,threshold,0.64,,0.9507813833250218
none,threshold,0.64,,0.9507798159269026
none,threshold,0.65,,0.9507798159269026
soft,threshold,0.62,,0.9507788006261331
soft,threshold,0.63,,0.9507788006261331
none,threshold,0.62,,0.9507772332280139
none,threshold,0.63,,0.9507772332280139
soft,threshold,0.68,,0.9507481912356579
soft,threshold,0.61,,0.9507421418606506
hard,threshold,0.61,,0.9507405955046418
none,threshold,0.61,,0.9507359978034926
hard,threshold,0.68,,0.9507223448598116
none,threshold,0.68,,0.9507177471586622
none,threshold,0.7,,0.950710949653957
hard,threshold,0.7,,0.950710949653957
none,threshold,0.72,,0.9507061478923273
none,threshold,0.73,,0.9507061478923273
hard,threshold,0.72,,0.9507061478923273
hard,threshold,0.73,,0.9507061478923273
soft,threshold,0.7,,0.9507045539663113
soft,threshold,0.72,,0.9506960815697612
soft,threshold,0.73,,0.9506944942681738
soft,threshold,0.67,,0.9506885532983662
soft,threshold,0.66,,0.9506845553763028
hard,threshold,0.66,,0.9506818501867554
none,threshold,0.71,,0.9506773828939198
hard,threshold,0.71,,0.9506773828939198
none,threshold,0.66,,0.9506772524856061
hard,threshold,0.67,,0.9506767567615699
none,threshold,0.67,,0.9506721590604204
soft,threshold,0.71,,0.950670987206274
none,threshold,0.74,,0.9506199342756144
hard,threshold,0.74,,0.9506199342756144
soft,threshold,0.74,,0.9506082806514607
none,threshold,0.75,,0.9505542138479982
hard,threshold,0.75,,0.9505542138479982
hard,threshold,0.69,,0.9505477379921843
none,threshold,0.69,,0.9505431402910348
soft,threshold,0.75,,0.9505425602238445
soft,threshold,0.69,,0.9505378700823164
soft,threshold,0.6,,0.9504527215918793
soft,threshold,0.59,,0.9504510976967395
none,threshold,0.77,,0.9504309455230937
hard,threshold,0.77,,0.9504309455230937
soft,threshold,0.58,,0.9504306173884698
hard,threshold,0.59,,0.950421485134869
soft,threshold,0.77,,0.9504205739502223
none,threshold,0.59,,0.9504168874337194
hard,threshold,0.6,,0.950415986076334
none,threshold,0.6,,0.9504113883751845
hard,threshold,0.58,,0.9504010048265992
none,threshold,0.58,,0.9503964071254498
none,threshold,0.76,,0.9503809671053864
hard,threshold,0.76,,0.9503809671053864
soft,threshold,0.76,,0.9503705955325148
soft,threshold,0.56,,0.9503598275135767
soft,threshold,0.57,,0.9503598275135767
hard,threshold,0.56,,0.9503339015876507
hard,threshold,0.57,,0.9503339015876507
none,threshold,0.56,,0.9503293038865013
none,threshold,0.57,,0.9503293038865013
soft,threshold,0.55,,0.9497929523974998
hard,threshold,0.55,,0.949774823742529
none,threshold,0.55,,0.9497702260413795
none,threshold,0.78,,0.9495100748463597
hard,threshold,0.78,,0.9495100748463597
soft,threshold,0.78,,0.9494976199401547
soft,threshold,0.54,,0.9494972248735478
soft,threshold,0.53,,0.9494643300056962
hard,threshold,0.54,,0.9494624494553786
none,threshold,0.54,,0.9494578517542291
hard,threshold,0.53,,0.9494418101644263
none,threshold,0.53,,0.949437212463277
none,threshold,0.79,,0.9492088309350567
hard,threshold,0.79,,0.9492088309350567
soft,threshold,0.79,,0.9492030570633344
soft,threshold,0.52,,0.949169355168184
hard,threshold,0.52,,0.949109519334602
none,threshold,0.52,,0.9491049216334525
none,threshold,0.8,,0.9489412732421554
hard,threshold,0.8,,0.9489412732421554
soft,threshold,0.8,,0.9489202865899189
soft,threshold,0.51,,0.9488773812395437
hard,threshold,0.51,,0.9488465113445637
none,threshold,0.51,,0.9488419136434141
none,threshold,0.81,,0.9487648608842912
hard,threshold,0.81,,0.9487648608842912
soft,threshold,0.81,,0.9487544893114196
none,threshold,0.82,,0.9483138506304218
none,threshold,0.83,,0.9483138506304218
hard,threshold,0.82,,0.9483138506304218
hard,threshold,0.83,,0.9483138506304218
soft,threshold,0.82,,0.9483018917559629
soft,threshold,0.83,,0.9482988614529326
soft,threshold,0.5,,0.9477004255989161
soft,threshold,0.49,,0.947691200306235
soft,threshold,0.48,,0.9476330274931204
hard,threshold,0.49,,0.9476296232137081
hard,threshold,0.5,,0.9476296232137081
none,threshold,0.49,,0.9476250255125587
none,threshold,0.5,,0.9476250255125587
hard,threshold,0.48,,0.9475916292791623
none,threshold,0.48,,0.947587031578013
soft,threshold,0.47,,0.9475039597646567
hard,threshold,0.47,,0.9474842177011645
none,threshold,0.47,,0.947479620000015
none,threshold,0.84,,0.9471969689002936
hard,threshold,0.84,,0.9471969689002936
soft,threshold,0.84,,0.9471850100258347
soft,threshold,0.46,,0.9468406491527892
hard,threshold,0.46,,0.9468195831976715
none,threshold,0.46,,0.9468149854965222
soft,threshold,0.85,,0.9467254457099693
none,threshold,0.85,,0.9467019879177615
hard,threshold,0.85,,0.9467019879177615
soft,threshold,0.86,,0.9461467702544916
none,threshold,0.86,,0.946145534684506
none,threshold,0.87,,0.946145534684506
hard,threshold,0.86,,0.946145534684506
hard,threshold,0.87,,0.946145534684506
soft,threshold,0.87,,0.9461349187073458
soft,threshold,0.45,,0.9457654042990027
hard,threshold,0.45,,0.9457449145951192
none,threshold,0.45,,0.9457363486400014
soft,threshold,0.44,,0.9457275432909017
hard,threshold,0.44,,0.945706928273735
none,threshold,0.44,,0.9456983623186174
none,threshold,0.88,,0.9456009636080215
hard,threshold,0.88,,0.9456009636080215
soft,threshold,0.88,,0.9455854182465202
soft,threshold,0.43,,0.9454523396728652
hard,threshold,0.43,,0.945405104285328
none,threshold,0.43,,0.9453965383302104
soft,threshold,0.42,,0.9452561324686299
hard,threshold,0.42,,0.9452313399000876
none,threshold,0.42,,0.9452227739449697
soft,threshold,0.41,,0.9450503232249265
hard,threshold,0.41,,0.9450189659164253
none,threshold,0.41,,0.9450103999613078
none,threshold,0.89,,0.9449822797147421
hard,threshold,0.89,,0.9449822797147421
soft,threshold,0.89,,0.9449584161231366
none,threshold,0.9,,0.9449567207411282
hard,threshold,0.9,,0.9449567207411282
soft,threshold,0.9,,0.9449279960384115
soft,threshold,0.4,,0.9446922831679183
hard,threshold,0.4,,0.9446655885578298
none,threshold,0.4,,0.9446570226027123
soft,threshold,0.39,,0.9442630833796265
hard,threshold,0.39,,0.944225899003456
none,threshold,0.39,,0.944213059544065
none,threshold,0.91,,0.9432642533932577
hard,threshold,0.91,,0.9432642533932577
soft,threshold,0.91,,0.943234590739603
soft,threshold,0.38,,0.9423934428892439
hard,threshold,0.38,,0.9422679025576511
soft,threshold,0.37,,0.942263408898859
none,threshold,0.38,,0.9422480455544004
soft,threshold,0.36,,0.9422444130495614
hard,threshold,0.36,,0.9421845688548528
hard,threshold,0.37,,0.9421845688548528
none,threshold,0.36,,0.942164711851602
none,threshold,0.37,,0.942164711851602
none,threshold,0.92,,0.9416637760585294
hard,threshold,0.92,,0.9416637760585294
soft,threshold,0.92,,0.9416183853381389
none,threshold,0.93,,0.940864601300636
hard,threshold,0.93,,0.940864601300636
soft,threshold,0.93,,0.9408093516891364
soft,threshold,0.35,,0.9401057628688118
hard,threshold,0.35,,0.9398916773284722
none,threshold,0.35,,0.9398718203252214
soft,threshold,0.34,,0.9397879993777133
hard,threshold,0.34,,0.939661145981448
none,threshold,0.34,,0.9396412889781973
soft,threshold,0.33,,0.9392115847306169
hard,threshold,0.33,,0.9391014868741336
none,threshold,0.33,,0.9390816298708826
none,threshold,0.94,,0.9381309275380948
hard,threshold,0.94,,0.9381309275380948
soft,threshold,0.94,,0.938066107635775
soft,threshold,0.32,,0.9379422898722819
hard,threshold,0.32,,0.9377663862794551
none,threshold,0.32,,0.937746529276204
soft,threshold,0.31,,0.9377289811909681
hard,threshold,0.31,,0.9375710078404137
none,threshold,0.31,,0.9375511508371628
soft,threshold,0.3,,0.9368892359768342
hard,threshold,0.3,,0.9367379013495243
none,threshold,0.3,,0.9367180443462735
soft,threshold,0.29,,0.9346995129617193
hard,threshold,0.29,,0.9344897697294157
none,threshold,0.29,,0.9344653150250154
none,threshold,0.95,,0.9343304184547252
hard,threshold,0.95,,0.9343304184547252
soft,threshold,0.95,,0.9342494327002836
soft,threshold,0.28,,0.9331776155915906
hard,threshold,0.28,,0.9329660649056528
none,threshold,0.28,,0.9329435943282366
soft,threshold,0.27,,0.9321618933247295
hard,threshold,0.27,,0.9319334262541074
none,threshold,0.27,,0.9319139859797215
soft,threshold,0.26,,0.9313821906491699
soft,threshold,0.25,,0.9313541973218343
soft,threshold,0.24,,0.9313265405038759
hard,threshold,0.26,,0.9311953208270847
hard,threshold,0.24,,0.9311907231259351
hard,threshold,0.25,,0.9311907231259351
none,threshold,0.26,,0.9311721632324372
none,threshold,0.24,,0.9311675655312879
none,threshold,0.25,,0.9311675655312879
soft,threshold,0.23,,0.9286184387736842
hard,threshold,0.23,,0.928348146599941
none,threshold,0.23,,0.9283194334497381
soft,threshold,0.22,,0.9269413237774825
hard,threshold,0.22,,0.9266849221830127
none,threshold,0.22,,0.9266452699203226
soft,threshold,0.21,,0.9264886480028806
hard,threshold,0.21,,0.9263129497428526
none,threshold,0.21,,0.9262680064748718
soft,threshold,0.2,,0.923485248915831
hard,threshold,0.2,,0.9231997148839176
none,threshold,0.2,,0.9231506701374931
soft,threshold,0.19,,0.9202468885181061
hard,threshold,0.19,,0.9198716541119671
none,threshold,0.19,,0.9197908906432317
soft,threshold,0.18,,0.9195321123596402
hard,threshold,0.18,,0.9192212410442736
soft,threshold,0.17,,0.9191437327999489
none,threshold,0.18,,0.9191318195668804
hard,threshold,0.17,,0.9188664530065562
none,threshold,0.17,,0.9187770315291629
soft,threshold,0.16,,0.9164883707324171
hard,threshold,0.16,,0.9161419317589882
none,threshold,0.16,,0.9160368225114447
soft,threshold,0.15,,0.9127208838697323
hard,threshold,0.15,,0.9122849419243323
none,threshold,0.15,,0.9121448857079175
soft,threshold,0.14,,0.9093157134515286
hard,threshold,0.14,,0.9088370801874822
none,threshold,0.14,,0.9086501505969219
soft,threshold,0.13,,0.9019590131859117
hard,threshold,0.13,,0.9013149479956252
none,threshold,0.13,,0.9010134533664366
soft,threshold,0.12,,0.8973639912764784
soft,threshold,0.11,,0.8970839315527492
hard,threshold,0.12,,0.8968370327911704
hard,threshold,0.11,,0.8967508748977254
none,threshold,0.12,,0.8964661716564198
none,threshold,0.11,,0.8963800137629747
soft,threshold,0.1,,0.8954018534867663
hard,threshold,0.1,,0.8950555069076737
none,threshold,0.1,,0.8946625021786432
soft,threshold,0.09,,0.890323082888246
hard,threshold,0.09,,0.889965544783807
none,threshold,0.09,,0.8894920119369141
soft,threshold,0.08,,0.8795837899838524
hard,threshold,0.08,,0.8789200161136634
none,threshold,0.08,,0.878251214982926
soft,threshold,0.07,,0.8772596047416676
hard,threshold,0.07,,0.8768398192438845
none,threshold,0.07,,0.8761124349461865
soft,threshold,0.06,,0.8743887794512739
hard,threshold,0.06,,0.8741110342833733
none,threshold,0.06,,0.873285541261959
soft,threshold,0.05,,0.8660976192144916
hard,threshold,0.05,,0.8654628271772199
none,threshold,0.05,,0.8644697998695211
